id;name;email;body
1;payment Awesome Concrete Keyboard Health;"+@5";deposit fault-tolerant invoice
2;Sharable Operations Borders;"HG_.I@H4L2";calculating Plains Plastic
3;Tanzanian Shilling Road online;"2K@MHC";out-of-the-box
4;Consultant Data Unbranded;"T+BWSF@Y";driver deposit
5;European Unit of Account 9(E.U.A.-9);".F8N@FI2";Pants
6;withdrawal Orchestrator;"-74C@3G-KU";Borders
7;initiatives B2B circuit;"JX2@CQU51Y";Licensed Small
8;payment program;"JJCS.@S";Investment Account Rubber application
9;Fresh invoice;"A@F-W.";product ivory
10;leading edge;"8@9";Small
